Phase,Date,Year,,
New Moon,"January 2, Sun",2021,,
First Quarter,"January 9, Sun",2021,,
Full Moon,"January 17, Mon",2021,,
Last Quarter,"January 25, Tue",2021,,
New Moon,"February 1, Tue",2021,,
First Quarter,"February 8, Tue",2021,,
Full Moon,"February 16, Wed",2021,,
Last Quarter,"February 23, Wed",2021,,
New Moon,"March 2, Wed",2021,,
First Quarter,"March 10, Thu",2021,,
Full Moon,"March 18, Fri",2021,,
Last Quarter,"March 25, Fri",2021,,
New Moon,"April 1, Fri",2021,,
First Quarter,"April 9, Sat",2021,,
Full Moon,"April 16, Sat",2021,,
Last Quarter,"April 23, Sat",2021,,
New Moon,"April 30, Sat",2021,,
First Quarter,"May 8, Sun",2021,,
Full Moon,"May 16, Mon",2021,,
Last Quarter,"May 22, Sun",2021,,
New Moon,"May 30, Mon",2021,,
First Quarter,"June 7, Tue",2021,,
Full Moon,"June 14, Tue",2021,,
Last Quarter,"June 20, Mon",2021,,
New Moon,"June 28, Tue",2021,,
First Quarter,"July 6, Wed",2021,,
Full Moon,"July 13, Wed",2021,,
Last Quarter,"July 20, Wed",2021,,
New Moon,"July 28, Thu",2021,,
First Quarter,"August 5, Fri",2021,,
Full Moon,"August 11, Thu",2021,,
Last Quarter,"August 19, Fri",2021,,
New Moon,"August 27, Sat",2021,,
First Quarter,"September 3, Sat",2021,,
Full Moon,"September 10, Sat",2021,,
Last Quarter,"September 17, Sat",2021,,
New Moon,"September 25, Sun",2021,,
First Quarter,"October 2, Sun",2021,,
Full Moon,"October 9, Sun",2021,,
Last Quarter,"October 17, Mon",2021,,
New Moon,"October 25, Tue",2021,,
First Quarter,"November 1, Tue",2021,,
Full Moon,"November 8, Tue",2021,,
Last Quarter,"November 16, Wed",2021,,
New Moon,"November 23, Wed",2021,,
First Quarter,"November 30, Wed",2021,,
Full Moon,"December 7, Wed",2021,,
Last Quarter,"December 16, Fri",2021,,
New Moon,"December 23, Fri",2021,,
First Quarter,"December 29, Thu",2022,,
Last Quarter,"January 6, Wed",2021,,
New Moon,"January 13, Wed",2021,,
First Quarter,"January 20, Wed",2021,,
Full Moon,"January 28, Thu",2021,,
Last Quarter,"February 4, Thu",2021,,
New Moon,"February 11, Thu",2021,,
First Quarter,"February 19, Fri",2021,,
Full Moon,"February 27, Sat",2021,,
Last Quarter,"March 5, Fri",2021,,
New Moon,"March 13, Sat",2021,,
First Quarter,"March 21, Sun",2021,,
Full Moon,"March 28, Sun",2021,,
Last Quarter,"April 4, Sun",2021,,
New Moon,"April 11, Sun",2021,,
First Quarter,"April 20, Tue",2021,,
Full Moon,"April 26, Mon",2021,,
Last Quarter,"May 3, Mon",2021,,
New Moon,"May 11, Tue",2021,,
First Quarter,"May 19, Wed",2021,,
Full Moon,"May 26, Wed",2021,,
Last Quarter,"June 2, Wed",2021,,
New Moon,"June 10, Thu",2021,,
First Quarter,"June 17, Thu",2021,,
Full Moon,"June 24, Thu",2021,,
Last Quarter,"July 1, Thu",2021,,
New Moon,"July 9, Fri",2021,,
First Quarter,"July 17, Sat",2021,,
Full Moon,"July 23, Fri",2021,,
Last Quarter,"July 31, Sat",2021,,
New Moon,"August 8, Sun",2021,,
First Quarter,"August 15, Sun",2021,,
Full Moon,"August 22, Sun",2021,,
Last Quarter,"August 30, Mon",2021,,
New Moon,"September 6, Mon",2021,,
First Quarter,"September 13, Mon",2021,,
Full Moon,"September 20, Mon",2021,,
Last Quarter,"September 28, Tue",2021,,
New Moon,"October 6, Wed",2021,,
First Quarter,"October 12, Tue",2021,,
Full Moon,"October 20, Wed",2021,,
Last Quarter,"October 28, Thu",2021,,
New Moon,"November 4, Thu",2021,,
First Quarter,"November 11, Thu",2021,,
Full Moon,"November 19, Fri",2021,,
Last Quarter,"November 27, Sat",2021,,
New Moon,"December 4, Sat",2021,,
First Quarter,"December 10, Fri",2021,,
Full Moon,"December 18, Sat",2021,,
Last Quarter,"December 26, Sun",2021,,
Full Moon,"January 6, Fri",2023,,
Last Quarter,"January 14, Sat",2023,,
New Moon,"January 21, Sat",2023,,
First Quarter,"January 28, Sat",2023,,
Full Moon,"February 5, Sun",2023,,
Last Quarter,"February 13, Mon",2023,,
New Moon,"February 20, Mon",2023,,
First Quarter,"February 27, Mon",2023,,
Full Moon,"March 7, Tue",2023,,
Last Quarter,"March 14, Tue",2023,,
New Moon,"March 21, Tue",2023,,
First Quarter,"March 28, Tue",2023,,
Full Moon,"April 6, Thu",2023,,
Last Quarter,"April 13, Thu",2023,,
New Moon,"April 20, Thu",2023,,
First Quarter,"April 27, Thu",2023,,
Full Moon,"May 5, Fri",2023,,
Last Quarter,"May 12, Fri",2023,,
New Moon,"May 19, Fri",2023,,
First Quarter,"May 27, Sat",2023,,
Full Moon,"June 3, Sat",2023,,
Last Quarter,"June 10, Sat",2023,,
New Moon,"June 18, Sun",2023,,
First Quarter,"June 26, Mon",2023,,
Full Moon,"July 3, Mon",2023,,
Last Quarter,"July 9, Sun",2023,,
New Moon,"July 17, Mon",2023,,
First Quarter,"July 25, Tue",2023,,
Full Moon,"August 1, Tue",2023,,
Last Quarter,"August 8, Tue",2023,,
New Moon,"August 16, Wed",2023,,
First Quarter,"August 24, Thu",2023,,
Full Moon,"August 30, Wed",2023,,
Last Quarter,"September 6, Wed",2023,,
New Moon,"September 14, Thu",2023,,
First Quarter,"September 22, Fri",2023,,
Full Moon,"September 29, Fri",2023,,
Last Quarter,"October 6, Fri",2023,,
New Moon,"October 14, Sat",2023,,
First Quarter,"October 21, Sat",2023,,
Full Moon,"October 28, Sat",2023,,
Last Quarter,"November 5, Sun",2023,,
New Moon,"November 13, Mon",2023,,
First Quarter,"November 20, Mon",2023,,
Full Moon,"November 27, Mon",2023,,
Last Quarter,"December 5, Tue",2023,,
New Moon,"December 12, Tue",2023,,
First Quarter,"December 19, Tue",2023,,
Full Moon,"December 26, Tue",2023,,
Last Quarter,"January 3, Wed",2024,,
New Moon,"January 11, Thu",2024,,
First Quarter,"January 17, Wed",2024,,
Full Moon,"January 25, Thu",2024,,
Last Quarter,"February 2, Fri",2024,,
New Moon,"February 9, Fri",2024,,
First Quarter,"February 16, Fri",2024,,
Full Moon,"February 24, Sat",2024,,
Last Quarter,"March 3, Sun",2024,,
New Moon,"March 10, Sun",2024,,
First Quarter,"March 17, Sun",2024,,
Full Moon,"March 25, Mon",2024,,
Last Quarter,"April 1, Mon",2024,,
New Moon,"April 8, Mon",2024,,
First Quarter,"April 15, Mon",2024,,
Full Moon,"April 23, Tue",2024,,
Last Quarter,"May 1, Wed",2024,,
New Moon,"May 7, Tue",2024,,
First Quarter,"May 15, Wed",2024,,
Full Moon,"May 23, Thu",2024,,
Last Quarter,"May 30, Thu",2024,,
New Moon,"June 6, Thu",2024,,
First Quarter,"June 14, Fri",2024,,
Full Moon,"June 21, Fri",2024,,
Last Quarter,"June 28, Fri",2024,,
New Moon,"July 5, Fri",2024,,
First Quarter,"July 13, Sat",2024,,
Full Moon,"July 21, Sun",2024,,
Last Quarter,"July 27, Sat",2024,,
New Moon,"August 4, Sun",2024,,
First Quarter,"August 12, Mon",2024,,
Full Moon,"August 19, Mon",2024,,
Last Quarter,"August 26, Mon",2024,,
New Moon,"September 2, Mon",2024,,
First Quarter,"September 11, Wed",2024,,
Full Moon,"September 17, Tue",2024,,
Last Quarter,"September 24, Tue",2024,,
New Moon,"October 2, Wed",2024,,
First Quarter,"October 10, Thu",2024,,
Full Moon,"October 17, Thu",2024,,
Last Quarter,"October 24, Thu",2024,,
New Moon,"November 1, Fri",2024,,
First Quarter,"November 9, Sat",2024,,
Full Moon,"November 15, Fri",2024,,
Last Quarter,"November 22, Fri",2024,,
New Moon,"December 1, Sun",2024,,
First Quarter,"December 8, Sun",2024,,
Full Moon,"December 15, Sun",2024,,
Last Quarter,"December 22, Sun",2024,,
New Moon,"December 30, Mon",2024,,
First Quarter,"January 6, Mon",2025,,
Full Moon,"January 13, Mon",2025,,
Last Quarter,"January 21, Tue",2025,,
New Moon,"January 29, Wed",2025,,
First Quarter,"February 5, Wed",2025,,
Full Moon,"February 12, Wed",2025,,
Last Quarter,"February 20, Thu",2025,,
New Moon,"February 27, Thu",2025,,
First Quarter,"March 6, Thu",2025,,
Full Moon,"March 14, Fri",2025,,
Last Quarter,"March 22, Sat",2025,,
New Moon,"March 29, Sat",2025,,
First Quarter,"April 4, Fri",2025,,
Full Moon,"April 12, Sat",2025,,
Last Quarter,"April 20, Sun",2025,,
New Moon,"April 27, Sun",2025,,
First Quarter,"May 4, Sun",2025,,
Full Moon,"May 12, Mon",2025,,
Last Quarter,"May 20, Tue",2025,,
New Moon,"May 26, Mon",2025,,
First Quarter,"June 2, Mon",2025,,
Full Moon,"June 11, Wed",2025,,
Last Quarter,"June 18, Wed",2025,,
New Moon,"June 25, Wed",2025,,
First Quarter,"July 2, Wed",2025,,
Full Moon,"July 10, Thu",2025,,
Last Quarter,"July 17, Thu",2025,,
New Moon,"July 24, Thu",2025,,
First Quarter,"August 1, Fri",2025,,
Full Moon,"August 9, Sat",2025,,
Last Quarter,"August 16, Sat",2025,,
New Moon,"August 23, Sat",2025,,
First Quarter,"August 31, Sun",2025,,
Full Moon,"September 7, Sun",2025,,
Last Quarter,"September 14, Sun",2025,,
New Moon,"September 21, Sun",2025,,
First Quarter,"September 29, Mon",2025,,
Full Moon,"October 6, Mon",2025,,
Last Quarter,"October 13, Mon",2025,,
New Moon,"October 21, Tue",2025,,
First Quarter,"October 29, Wed",2025,,
Full Moon,"November 5, Wed",2025,,
Last Quarter,"November 12, Wed",2025,,
New Moon,"November 20, Thu",2025,,
First Quarter,"November 28, Fri",2025,,
Full Moon,"December 4, Thu",2025,,
Last Quarter,"December 11, Thu",2025,,
New Moon,"December 19, Fri",2025,,
First Quarter,"December 27, Sat",2025,,
Full Moon,"January 3, Sat",2026,,
Last Quarter,"January 10, Sat",2026,,
New Moon,"January 18, Sun",2026,,
First Quarter,"January 25, Sun",2026,,
Full Moon,"February 1, Sun",2026,,
Last Quarter,"February 9, Mon",2026,,
New Moon,"February 17, Tue",2026,,
First Quarter,"February 24, Tue",2026,,
Full Moon,"March 3, Tue",2026,,
Last Quarter,"March 11, Wed",2026,,
New Moon,"March 18, Wed",2026,,
First Quarter,"March 25, Wed",2026,,
Full Moon,"April 1, Wed",2026,,
Last Quarter,"April 10, Fri",2026,,
New Moon,"April 17, Fri",2026,,
First Quarter,"April 23, Thu",2026,,
Full Moon,"May 1, Fri",2026,,
Last Quarter,"May 9, Sat",2026,,
New Moon,"May 16, Sat",2026,,
First Quarter,"May 23, Sat",2026,,
Full Moon,"May 31, Sun",2026,,
Last Quarter,"June 8, Mon",2026,,
New Moon,"June 14, Sun",2026,,
First Quarter,"June 21, Sun",2026,,
Full Moon,"June 29, Mon",2026,,
Last Quarter,"July 7, Tue",2026,,
New Moon,"July 14, Tue",2026,,
First Quarter,"July 21, Tue",2026,,
Full Moon,"July 29, Wed",2026,,
Last Quarter,"August 5, Wed",2026,,
New Moon,"August 12, Wed",2026,,
First Quarter,"August 19, Wed",2026,,
Full Moon,"August 28, Fri",2026,,
Last Quarter,"September 4, Fri",2026,,
New Moon,"September 10, Thu",2026,,
First Quarter,"September 18, Fri",2026,,
Full Moon,"September 26, Sat",2026,,
Last Quarter,"October 3, Sat",2026,,
New Moon,"October 10, Sat",2026,,
First Quarter,"October 18, Sun",2026,,
Full Moon,"October 26, Mon",2026,,
Last Quarter,"November 1, Sun",2026,,
New Moon,"November 9, Mon",2026,,
First Quarter,"November 17, Tue",2026,,
Full Moon,"November 24, Tue",2026,,
Last Quarter,"December 1, Tue",2026,,
New Moon,"December 8, Tue",2026,,
First Quarter,"December 17, Thu",2026,,
Full Moon,"December 23, Wed",2026,,
Last Quarter,"December 30, Wed",2026,,
New Moon,"January 7, Thu",2027,,
First Quarter,"January 15, Fri",2027,,
Full Moon,"January 22, Fri",2027,,
Last Quarter,"January 29, Fri",2027,,
New Moon,"February 6, Sat",2027,,
First Quarter,"February 14, Sun",2027,,
Full Moon,"February 20, Sat",2027,,
Last Quarter,"February 28, Sun",2027,,
New Moon,"March 8, Mon",2027,,
First Quarter,"March 15, Mon",2027,,
Full Moon,"March 22, Mon",2027,,
Last Quarter,"March 29, Mon",2027,,
New Moon,"April 6, Tue",2027,,
First Quarter,"April 13, Tue",2027,,
Full Moon,"April 20, Tue",2027,,
Last Quarter,"April 28, Wed",2027,,
New Moon,"May 6, Thu",2027,,
First Quarter,"May 13, Thu",2027,,
Full Moon,"May 20, Thu",2027,,
Last Quarter,"May 28, Fri",2027,,
New Moon,"June 4, Fri",2027,,
First Quarter,"June 11, Fri",2027,,
Full Moon,"June 18, Fri",2027,,
Last Quarter,"June 27, Sun",2027,,
New Moon,"July 3, Sat",2027,,
First Quarter,"July 10, Sat",2027,,
Full Moon,"July 18, Sun",2027,,
Last Quarter,"July 26, Mon",2027,,
New Moon,"August 2, Mon",2027,,
First Quarter,"August 9, Mon",2027,,
Full Moon,"August 17, Tue",2027,,
Last Quarter,"August 24, Tue",2027,,
New Moon,"August 31, Tue",2027,,
First Quarter,"September 7, Tue",2027,,
Full Moon,"September 15, Wed",2027,,
Last Quarter,"September 23, Thu",2027,,
New Moon,"September 29, Wed",2027,,
First Quarter,"October 7, Thu",2027,,
Full Moon,"October 15, Fri",2027,,
Last Quarter,"October 22, Fri",2027,,
New Moon,"October 29, Fri",2027,,
First Quarter,"November 6, Sat",2027,,
Full Moon,"November 13, Sat",2027,,
Last Quarter,"November 20, Sat",2027,,
New Moon,"November 27, Sat",2027,,
First Quarter,"December 6, Mon",2027,,
Full Moon,"December 13, Mon",2027,,
Last Quarter,"December 20, Mon",2027,,
New Moon,"December 27, Mon",2027,,
First Quarter,"January 4, Tue",2028,,
Full Moon,"January 11, Tue",2028,,
Last Quarter,"January 18, Tue",2028,,
New Moon,"January 26, Wed",2028,,
First Quarter,"February 3, Thu",2028,,
Full Moon,"February 10, Thu",2028,,
Last Quarter,"February 17, Thu",2028,,
New Moon,"February 25, Fri",2028,,
First Quarter,"March 4, Sat",2028,,
Full Moon,"March 10, Fri",2028,,
Last Quarter,"March 17, Fri",2028,,
New Moon,"March 26, Sun",2028,,
First Quarter,"April 2, Sun",2028,,
Full Moon,"April 9, Sun",2028,,
Last Quarter,"April 16, Sun",2028,,
New Moon,"April 24, Mon",2028,,
First Quarter,"May 1, Mon",2028,,
Full Moon,"May 8, Mon",2028,,
Last Quarter,"May 16, Tue",2028,,
New Moon,"May 24, Wed",2028,,
First Quarter,"May 31, Wed",2028,,
Full Moon,"June 7, Wed",2028,,
Last Quarter,"June 15, Thu",2028,,
New Moon,"June 22, Thu",2028,,
First Quarter,"June 29, Thu",2028,,
Full Moon,"July 6, Thu",2028,,
Last Quarter,"July 14, Fri",2028,,
New Moon,"July 21, Fri",2028,,
First Quarter,"July 28, Fri",2028,,
Full Moon,"August 5, Sat",2028,,
Last Quarter,"August 13, Sun",2028,,
New Moon,"August 20, Sun",2028,,
First Quarter,"August 26, Sat",2028,,
Full Moon,"September 3, Sun",2028,,
Last Quarter,"September 11, Mon",2028,,
New Moon,"September 18, Mon",2028,,
First Quarter,"September 25, Mon",2028,,
Full Moon,"October 3, Tue",2028,,
Last Quarter,"October 11, Wed",2028,,
New Moon,"October 17, Tue",2028,,
First Quarter,"October 25, Wed",2028,,
Full Moon,"November 2, Thu",2028,,
Last Quarter,"November 9, Thu",2028,,
New Moon,"November 16, Thu",2028,,
First Quarter,"November 23, Thu",2028,,
Full Moon,"December 1, Fri",2028,,
Last Quarter,"December 9, Sat",2028,,
New Moon,"December 15, Fri",2028,,
First Quarter,"December 23, Sat",2028,,
Full Moon,"December 31, Sun",2028,,
Last Quarter,"January 7, Sun",2029,,
New Moon,"January 14, Sun",2029,,
First Quarter,"January 22, Mon",2029,,
Full Moon,"January 30, Tue",2029,,
Last Quarter,"February 5, Mon",2029,,
New Moon,"February 13, Tue",2029,,
First Quarter,"February 21, Wed",2029,,
Full Moon,"February 28, Wed",2029,,
Last Quarter,"March 7, Wed",2029,,
New Moon,"March 15, Thu",2029,,
First Quarter,"March 23, Fri",2029,,
Full Moon,"March 29, Thu",2029,,
Last Quarter,"April 5, Thu",2029,,
New Moon,"April 13, Fri",2029,,
First Quarter,"April 21, Sat",2029,,
Full Moon,"April 28, Sat",2029,,
Last Quarter,"May 5, Sat",2029,,
New Moon,"May 13, Sun",2029,,
First Quarter,"May 21, Mon",2029,,
Full Moon,"May 27, Sun",2029,,
Last Quarter,"June 3, Sun",2029,,
New Moon,"June 11, Mon",2029,,
First Quarter,"June 19, Tue",2029,,
Full Moon,"June 25, Mon",2029,,
Last Quarter,"July 3, Tue",2029,,
New Moon,"July 11, Wed",2029,,
First Quarter,"July 18, Wed",2029,,
Full Moon,"July 25, Wed",2029,,
Last Quarter,"August 2, Thu",2029,,
New Moon,"August 9, Thu",2029,,
First Quarter,"August 16, Thu",2029,,
Full Moon,"August 23, Thu",2029,,
Last Quarter,"September 1, Sat",2029,,
New Moon,"September 8, Sat",2029,,
First Quarter,"September 14, Fri",2029,,
Full Moon,"September 22, Sat",2029,,
Last Quarter,"September 30, Sun",2029,,
New Moon,"October 7, Sun",2029,,
First Quarter,"October 14, Sun",2029,,
Full Moon,"October 22, Mon",2029,,
Last Quarter,"October 30, Tue",2029,,
New Moon,"November 5, Mon",2029,,
First Quarter,"November 12, Mon",2029,,
Full Moon,"November 20, Tue",2029,,
Last Quarter,"November 28, Wed",2029,,
New Moon,"December 5, Wed",2029,,
First Quarter,"December 12, Wed",2029,,
Full Moon,"December 20, Thu",2029,,
Last Quarter,"December 28, Fri",2029,,
New Moon,"January 3, Thu",2030,,
First Quarter,"January 11, Fri",2030,,
Full Moon,"January 19, Sat",2030,,
Last Quarter,"January 26, Sat",2030,,
New Moon,"February 2, Sat",2030,,
First Quarter,"February 10, Sun",2030,,
Full Moon,"February 18, Mon",2030,,
Last Quarter,"February 24, Sun",2030,,
New Moon,"March 4, Mon",2030,,
First Quarter,"March 12, Tue",2030,,
Full Moon,"March 19, Tue",2030,,
Last Quarter,"March 26, Tue",2030,,
New Moon,"April 2, Tue",2030,,
First Quarter,"April 10, Wed",2030,,
Full Moon,"April 17, Wed",2030,,
Last Quarter,"April 24, Wed",2030,,
New Moon,"May 2, Thu",2030,,
First Quarter,"May 10, Fri",2030,,
Full Moon,"May 17, Fri",2030,,
Last Quarter,"May 24, Fri",2030,,
New Moon,"June 1, Sat",2030,,
First Quarter,"June 8, Sat",2030,,
Full Moon,"June 15, Sat",2030,,
Last Quarter,"June 22, Sat",2030,,
New Moon,"June 30, Sun",2030,,
First Quarter,"July 8, Mon",2030,,
Full Moon,"July 14, Sun",2030,,
Last Quarter,"July 22, Mon",2030,,
New Moon,"July 30, Tue",2030,,
First Quarter,"August 6, Tue",2030,,
Full Moon,"August 13, Tue",2030,,
Last Quarter,"August 20, Tue",2030,,
New Moon,"August 28, Wed",2030,,
First Quarter,"September 4, Wed",2030,,
Full Moon,"September 11, Wed",2030,,
Last Quarter,"September 19, Thu",2030,,
New Moon,"September 27, Fri",2030,,
First Quarter,"October 3, Thu",2030,,
Full Moon,"October 11, Fri",2030,,
Last Quarter,"October 19, Sat",2030,,
New Moon,"October 26, Sat",2030,,
First Quarter,"November 2, Sat",2030,,
Full Moon,"November 9, Sat",2030,,
Last Quarter,"November 18, Mon",2030,,
New Moon,"November 25, Mon",2030,,
First Quarter,"December 1, Sun",2030,,
Full Moon,"December 9, Mon",2030,,
Last Quarter,"December 17, Tue",2030,,
New Moon,"December 24, Tue",2030,,
First Quarter,"December 31, Tue",2030,,